-- MySQL dump 10.17  Distrib 10.3.22-MariaDB, for debian-linux-gnueabihf (armv8l)
--
-- Host: localhost    Database: vendingmachine
-- ------------------------------------------------------
-- Server version	10.3.22-MariaDB-0+deb10u1

/*!40101 SET @OLD_CHARACTER_SET_CLIENT=@@CHARACTER_SET_CLIENT */;
/*!40101 SET @OLD_CHARACTER_SET_RESULTS=@@CHARACTER_SET_RESULTS */;
/*!40101 SET @OLD_COLLATION_CONNECTION=@@COLLATION_CONNECTION */;
/*!40101 SET NAMES utf8mb4 */;
/*!40103 SET @OLD_TIME_ZONE=@@TIME_ZONE */;
/*!40103 SET TIME_ZONE='+00:00' */;
/*!40014 SET @OLD_UNIQUE_CHECKS=@@UNIQUE_CHECKS, UNIQUE_CHECKS=0 */;
/*!40014 SET @OLD_FOREIGN_KEY_CHECKS=@@FOREIGN_KEY_CHECKS, FOREIGN_KEY_CHECKS=0 */;
/*!40101 SET @OLD_SQL_MODE=@@SQL_MODE, SQL_MODE='NO_AUTO_VALUE_ON_ZERO' */;
/*!40111 SET @OLD_SQL_NOTES=@@SQL_NOTES, SQL_NOTES=0 */;

--
-- Current Database: `vendingmachine`
--

CREATE DATABASE /*!32312 IF NOT EXISTS*/ `vendingmachine` /*!40100 DEFAULT CHARACTER SET utf8mb4 */;

USE `vendingmachine`;

--
-- Table structure for table `Order`
--

DROP TABLE IF EXISTS `Order`;
/*!40101 SET @saved_cs_client     = @@character_set_client */;
/*!40101 SET character_set_client = utf8 */;
CREATE TABLE `Order` (
  `Id` int(11) NOT NULL AUTO_INCREMENT,
  `ProductId` int(11) NOT NULL,
  `MomentOfPurchase` datetime NOT NULL DEFAULT current_timestamp(),
  `VendingMachineId` int(11) NOT NULL,
  `MoneyPaid` decimal(10,0) NOT NULL DEFAULT 0,
  PRIMARY KEY (`Id`),
  KEY `Order_FK` (`ProductId`),
  KEY `Order_FK_1` (`VendingMachineId`),
  CONSTRAINT `Order_FK` FOREIGN KEY (`ProductId`) REFERENCES `Product` (`Id`),
  CONSTRAINT `Order_FK_1` FOREIGN KEY (`VendingMachineId`) REFERENCES `VendingMachine` (`Id`)
) ENGINE=InnoDB AUTO_INCREMENT=14 DEFAULT CHARSET=utf8mb4;
/*!40101 SET character_set_client = @saved_cs_client */;

--
-- Dumping data for table `Order`
--

LOCK TABLES `Order` WRITE;
/*!40000 ALTER TABLE `Order` DISABLE KEYS */;
INSERT INTO `Order` VALUES (1,5,'2020-05-25 17:27:34',1,1),(2,10,'2020-05-25 17:27:34',1,1),(3,14,'2020-05-25 17:27:34',1,1),(4,12,'2020-05-25 17:27:34',1,1),(6,2,'2020-05-25 17:27:50',1,1),(7,6,'2020-05-25 17:28:21',1,1),(8,4,'2020-05-25 17:28:58',1,1),(9,4,'2020-05-25 17:29:30',1,1),(10,9,'2020-05-25 17:29:30',1,1),(11,7,'2020-05-25 17:29:30',1,1),(12,7,'2020-05-25 17:29:30',1,1),(13,8,'2020-05-25 17:29:30',1,1);
/*!40000 ALTER TABLE `Order` ENABLE KEYS */;
UNLOCK TABLES;

--
-- Table structure for table `Product`
--

DROP TABLE IF EXISTS `Product`;
/*!40101 SET @saved_cs_client     = @@character_set_client */;
/*!40101 SET character_set_client = utf8 */;
CREATE TABLE `Product` (
  `Id` int(11) NOT NULL AUTO_INCREMENT,
  `Price` decimal(10,0) NOT NULL,
  `Name` varchar(100) NOT NULL,
  `Weight` float DEFAULT NULL,
  `StockCount` int(11) DEFAULT NULL,
  `SoldCount` int(11) DEFAULT NULL,
  `NumberInVendingMachine` int(11) DEFAULT NULL,
  PRIMARY KEY (`Id`),
  KEY `Product_Price_IDX` (`Price`,`Name`) USING BTREE,
  KEY `Product_Name_IDX` (`Name`) USING BTREE
) ENGINE=InnoDB AUTO_INCREMENT=16 DEFAULT CHARSET=utf8mb4;
/*!40101 SET character_set_client = @saved_cs_client */;

--
-- Dumping data for table `Product`
--

LOCK TABLES `Product` WRITE;
/*!40000 ALTER TABLE `Product` DISABLE KEYS */;
INSERT INTO `Product` VALUES (2,1,'Zout Chips',100,10,0,0),(3,1,'Paprika Chips',100,10,0,0),(4,1,'Pickles Chips',100,10,0,0),(5,1,'Salt & Pepper Chips',100,10,0,0),(6,1,'Ketchup Chips',100,10,0,20),(7,1,'Bugles Chips',100,10,0,0),(8,1,'Barbecue Chips',100,10,0,0),(9,1,'Mars',50,10,0,0),(10,1,'Twix',70,10,0,0),(11,1,'Bounty',50,10,0,30),(12,1,'Leo',50,10,0,1111),(13,1,'Kinder Beuno',50,10,0,0),(14,1,'Lion',50,10,0,0),(15,1,'Milky Way',50,10,0,69);
/*!40000 ALTER TABLE `Product` ENABLE KEYS */;
UNLOCK TABLES;

--
-- Table structure for table `Temperature`
--

DROP TABLE IF EXISTS `Temperature`;
/*!40101 SET @saved_cs_client     = @@character_set_client */;
/*!40101 SET character_set_client = utf8 */;
CREATE TABLE `Temperature` (
  `Id` int(11) NOT NULL AUTO_INCREMENT,
  `TimeOfTemp` datetime NOT NULL DEFAULT current_timestamp(),
  `TemperatureValue` int(11) NOT NULL,
  PRIMARY KEY (`Id`),
  KEY `Temperature_TemperatureValue_IDX` (`TemperatureValue`) USING BTREE
) ENGINE=InnoDB AUTO_INCREMENT=389 DEFAULT CHARSET=utf8mb4;
/*!40101 SET character_set_client = @saved_cs_client */;

--
-- Dumping data for table `Temperature`
--

LOCK TABLES `Temperature` WRITE;
/*!40000 ALTER TABLE `Temperature` DISABLE KEYS */;
INSERT INTO `Temperature` VALUES (14,'2020-05-26 13:44:29',26500),(15,'2020-05-26 13:44:35',26500),(16,'2020-05-26 13:44:41',26500),(17,'2020-05-26 13:44:48',28875),(18,'2020-05-26 13:44:54',30937),(19,'2020-05-26 13:45:00',32062),(20,'2020-05-26 13:45:06',32750),(21,'2020-05-26 13:45:12',32812),(22,'2020-05-26 13:45:18',32562),(23,'2020-05-26 13:45:25',32312),(24,'2020-05-26 13:45:31',32125),(25,'2020-05-26 13:45:37',31875),(26,'2020-05-26 13:48:05',29187),(27,'2020-05-26 13:48:23',28937),(28,'2020-05-26 13:48:29',28875),(29,'2020-05-26 14:07:26',25500),(30,'2020-05-26 14:08:27',25500),(31,'2020-05-26 14:09:19',25500),(32,'2020-05-26 14:09:52',25437),(33,'2020-05-26 14:10:57',25500),(34,'2020-05-26 14:11:59',25500),(35,'2020-05-26 14:13:11',25500),(36,'2020-05-26 14:30:24',25562),(37,'2020-05-26 14:30:31',25625),(38,'2020-05-26 14:30:37',25625),(39,'2020-05-26 14:30:44',25625),(40,'2020-05-26 14:30:53',25625),(41,'2020-05-26 14:43:46',25687),(42,'2020-05-26 14:43:53',25687),(43,'2020-05-26 14:44:00',25687),(44,'2020-05-26 14:44:06',25687),(45,'2020-05-26 15:26:40',25750),(46,'2020-05-26 15:26:46',25750),(47,'2020-05-26 15:26:53',25750),(48,'2020-05-26 15:26:59',25687),(49,'2020-05-26 15:27:06',25750),(50,'2020-05-26 15:27:12',25687),(51,'2020-05-26 15:27:19',25750),(52,'2020-05-26 15:27:25',25687),(53,'2020-05-26 15:27:38',25750),(54,'2020-05-26 15:27:45',25687),(55,'2020-05-26 15:27:52',25750),(56,'2020-05-26 15:27:58',25687),(57,'2020-05-26 15:30:54',25687),(58,'2020-05-26 15:31:00',25687),(59,'2020-05-26 15:31:07',25687),(60,'2020-05-26 15:32:23',25687),(61,'2020-05-26 15:32:30',25687),(62,'2020-05-26 15:32:37',25687),(63,'2020-05-26 15:32:43',25687),(64,'2020-05-26 15:32:49',25687),(65,'2020-05-26 15:35:09',25687),(66,'2020-05-26 15:35:16',25687),(67,'2020-05-26 15:35:22',25687),(68,'2020-05-26 15:35:29',25687),(69,'2020-05-26 15:35:35',25687),(70,'2020-05-26 15:35:42',25687),(71,'2020-05-26 15:35:48',25687),(72,'2020-05-26 15:35:55',28125),(73,'2020-05-26 15:36:01',30062),(74,'2020-05-26 15:36:08',30937),(75,'2020-05-26 15:36:14',30937),(76,'2020-05-26 15:36:21',30875),(77,'2020-05-26 15:36:27',30750),(78,'2020-05-26 15:36:34',30625),(79,'2020-05-26 15:36:40',30562),(80,'2020-05-26 15:36:46',30500),(81,'2020-05-26 15:36:53',30375),(82,'2020-05-26 15:36:59',30312),(83,'2020-05-26 15:37:06',30250),(84,'2020-05-26 15:37:12',30187),(85,'2020-05-26 15:37:19',30125),(86,'2020-05-26 15:37:25',30062),(87,'2020-05-26 15:37:31',30062),(88,'2020-05-26 15:37:38',30000),(89,'2020-05-26 15:37:44',29937),(90,'2020-05-26 15:37:51',29875),(91,'2020-05-26 15:37:58',29875),(92,'2020-05-26 15:38:04',29750),(93,'2020-05-26 15:38:10',29687),(94,'2020-05-26 15:38:17',29687),(95,'2020-05-26 15:38:23',29625),(96,'2020-05-26 15:38:30',29562),(97,'2020-05-26 15:38:36',29562),(98,'2020-05-26 15:38:42',29500),(99,'2020-05-26 15:38:49',29500),(100,'2020-05-26 15:38:55',29437),(101,'2020-05-26 15:39:02',29375),(102,'2020-05-26 15:39:08',29375),(103,'2020-05-26 15:39:15',29375),(104,'2020-05-26 15:39:21',29312),(105,'2020-05-26 15:39:27',29312),(106,'2020-05-26 15:39:34',29250),(107,'2020-05-26 15:39:40',29250),(108,'2020-05-26 15:39:47',29250),(109,'2020-05-26 15:39:53',29187),(110,'2020-05-26 15:40:00',29187),(111,'2020-05-26 15:40:06',29125),(112,'2020-05-26 15:40:12',29125),(113,'2020-05-26 15:40:19',29125),(114,'2020-05-26 15:40:25',29125),(115,'2020-05-26 15:40:32',29062),(116,'2020-05-26 15:40:38',29062),(117,'2020-05-26 15:40:45',29062),(118,'2020-05-26 15:40:51',29000),(119,'2020-05-26 15:40:57',29000),(120,'2020-05-26 15:41:04',29000),(121,'2020-05-26 15:41:10',29000),(122,'2020-05-26 15:41:17',28937),(123,'2020-05-26 15:41:23',28937),(124,'2020-05-26 15:41:30',28875),(125,'2020-05-26 15:41:36',28875),(126,'2020-05-26 15:41:42',28875),(127,'2020-05-26 15:41:49',28875),(128,'2020-05-26 15:41:55',28812),(129,'2020-05-26 15:42:02',28812),(130,'2020-05-26 15:42:08',28812),(131,'2020-05-26 15:42:14',28812),(132,'2020-05-26 15:42:21',28750),(133,'2020-05-26 15:42:27',28750),(134,'2020-05-26 15:42:34',28750),(135,'2020-05-26 15:42:40',28750),(136,'2020-05-26 15:42:46',28687),(137,'2020-05-26 15:42:53',28687),(138,'2020-05-26 15:42:59',28687),(139,'2020-05-26 15:43:06',28687),(140,'2020-05-26 15:43:12',28687),(141,'2020-05-26 15:43:18',28625),(142,'2020-05-26 15:43:25',28625),(143,'2020-05-26 15:43:31',28625),(144,'2020-05-26 15:43:38',28625),(145,'2020-05-26 15:43:44',28625),(146,'2020-05-26 15:43:51',28562),(147,'2020-05-26 15:43:57',28562),(148,'2020-05-26 15:44:03',28562),(149,'2020-05-26 15:44:10',28562),(150,'2020-05-26 15:44:16',28562),(151,'2020-05-26 15:44:23',28562),(152,'2020-05-26 15:44:29',28562),(153,'2020-05-26 15:44:35',28562),(154,'2020-05-26 15:44:42',28500),(155,'2020-05-26 15:44:48',28500),(156,'2020-05-26 15:44:55',28500),(157,'2020-05-26 15:45:01',28500),(158,'2020-05-26 15:45:08',28500),(159,'2020-05-26 15:45:14',28500),(160,'2020-05-26 15:45:20',28500),(161,'2020-05-26 15:45:27',28437),(162,'2020-05-26 15:45:33',28437),(163,'2020-05-26 15:45:40',28437),(164,'2020-05-26 15:45:46',28437),(165,'2020-05-26 15:45:52',28375),(166,'2020-05-26 15:45:59',28375),(167,'2020-05-26 15:46:05',28437),(168,'2020-05-26 15:46:12',28500),(169,'2020-05-26 15:46:18',28500),(170,'2020-05-26 15:46:25',28500),(171,'2020-05-26 15:46:31',28437),(172,'2020-05-26 15:46:37',28375),(173,'2020-05-26 15:46:44',28375),(174,'2020-05-26 15:46:50',28375),(175,'2020-05-26 15:46:57',28375),(176,'2020-05-26 15:47:03',28312),(177,'2020-05-26 15:47:09',28312),(178,'2020-05-26 15:47:16',28250),(179,'2020-05-26 15:47:22',28250),(180,'2020-05-26 15:47:29',28250),(181,'2020-05-26 15:47:35',28250),(182,'2020-05-26 15:47:42',28187),(183,'2020-05-26 15:47:48',28187),(184,'2020-05-26 15:47:54',28187),(185,'2020-05-26 15:48:01',28187),(186,'2020-05-26 15:48:07',28125),(187,'2020-05-26 15:48:14',28125),(188,'2020-05-26 15:48:20',28125),(189,'2020-05-26 15:48:26',28125),(190,'2020-05-26 15:48:33',28062),(191,'2020-05-26 15:48:39',28062),(192,'2020-05-26 15:48:46',28062),(193,'2020-05-26 15:48:52',28062),(194,'2020-05-26 15:48:59',28062),(195,'2020-05-26 15:49:05',28000),(196,'2020-05-26 15:49:11',28000),(197,'2020-05-26 15:49:18',27937),(198,'2020-05-26 15:49:24',27937),(199,'2020-05-26 15:49:31',27937),(200,'2020-05-26 15:49:37',27875),(201,'2020-05-26 15:49:44',27875),(202,'2020-05-26 15:49:50',27875),(203,'2020-05-26 15:49:56',27812),(204,'2020-05-26 15:50:03',27812),(205,'2020-05-26 15:50:09',27812),(206,'2020-05-26 15:50:16',27812),(207,'2020-05-26 15:50:22',27812),(208,'2020-05-26 15:50:29',27750),(209,'2020-05-26 15:50:35',27750),(210,'2020-05-26 15:50:41',27750),(211,'2020-05-26 15:50:48',27687),(212,'2020-05-26 15:50:54',27687),(213,'2020-05-26 15:51:01',27687),(214,'2020-05-26 15:51:07',27687),(215,'2020-05-26 15:51:13',27687),(216,'2020-05-26 15:51:20',27687),(217,'2020-05-26 15:51:26',27625),(218,'2020-05-26 15:51:33',27625),(219,'2020-05-26 15:51:39',27625),(220,'2020-05-26 15:51:45',27562),(221,'2020-05-26 15:51:52',27562),(222,'2020-05-26 15:51:58',27562),(223,'2020-05-26 15:52:05',27562),(224,'2020-05-26 15:52:11',27562),(225,'2020-05-26 15:52:18',27500),(226,'2020-05-26 15:52:24',27500),(227,'2020-05-26 15:52:30',27500),(228,'2020-05-26 15:52:37',27500),(229,'2020-05-26 15:52:43',27437),(230,'2020-05-26 15:52:50',27437),(231,'2020-05-26 15:52:56',27437),(232,'2020-05-26 15:53:02',27437),(233,'2020-05-26 15:53:09',27375),(234,'2020-05-26 15:53:15',27375),(235,'2020-05-26 15:53:22',27375),(236,'2020-05-26 15:53:28',27375),(237,'2020-05-26 15:53:35',27375),(238,'2020-05-26 15:53:41',27312),(239,'2020-05-26 15:53:48',27312),(240,'2020-05-26 15:53:54',27312),(241,'2020-05-26 15:54:00',27312),(242,'2020-05-26 15:54:07',27312),(243,'2020-05-26 15:54:13',27250),(244,'2020-05-26 15:54:20',27250),(245,'2020-05-26 15:54:26',27250),(246,'2020-05-26 15:54:33',27250),(247,'2020-05-26 15:54:39',27250),(248,'2020-05-26 15:54:45',27187),(249,'2020-05-26 15:54:52',27250),(250,'2020-05-26 15:54:58',27250),(251,'2020-05-26 15:55:05',27187),(252,'2020-05-26 15:55:11',27187),(253,'2020-05-26 15:55:17',27187),(254,'2020-05-26 15:55:24',27125),(255,'2020-05-26 15:55:30',27125),(256,'2020-05-26 15:55:37',27125),(257,'2020-05-26 15:55:43',27125),(258,'2020-05-26 16:02:25',26062),(259,'2020-05-26 16:03:26',26000),(260,'2020-05-26 16:04:29',26000),(261,'2020-05-26 16:05:13',25937),(262,'2020-05-26 16:05:48',25937),(263,'2020-05-26 16:06:50',25875),(264,'2020-05-26 16:07:02',25875),(265,'2020-05-26 16:08:44',25875),(266,'2020-05-26 16:09:46',25875),(267,'2020-05-26 16:10:47',25875),(268,'2020-05-26 16:11:49',25875),(269,'2020-05-26 16:12:50',25875),(270,'2020-05-26 16:13:52',25875),(271,'2020-05-26 16:14:53',25875),(272,'2020-05-26 16:19:20',25812),(273,'2020-05-26 16:20:21',25812),(274,'2020-05-26 16:21:22',25812),(275,'2020-05-26 16:22:24',25875),(276,'2020-05-26 16:23:13',25875),(277,'2020-05-26 16:24:15',25875),(278,'2020-05-26 16:25:11',25812),(279,'2020-05-26 16:26:12',32937),(280,'2020-05-26 16:27:14',32812),(281,'2020-05-26 16:28:15',30500),(282,'2020-05-26 16:29:17',29187),(283,'2020-05-26 16:30:18',28250),(284,'2020-05-26 16:31:20',27687),(285,'2020-05-26 16:32:21',27125),(286,'2020-05-26 18:14:16',25625),(287,'2020-05-26 18:15:05',25625),(288,'2020-05-26 18:15:29',25625),(289,'2020-05-26 18:16:30',25625),(290,'2020-05-26 18:17:35',25625),(291,'2020-05-26 18:18:37',25687),(292,'2020-05-26 18:19:38',25625),(293,'2020-05-26 18:20:40',25687),(294,'2020-05-26 18:21:41',25687),(295,'2020-05-26 18:22:29',25687),(296,'2020-05-26 18:23:31',25687),(297,'2020-05-26 18:24:33',25687),(298,'2020-05-26 18:25:34',25687),(299,'2020-05-26 18:27:14',25687),(300,'2020-05-26 18:28:15',25687),(301,'2020-05-26 19:06:37',25500),(302,'2020-05-26 19:13:50',24875),(303,'2020-05-26 19:14:52',24875),(304,'2020-05-26 19:15:53',24875),(305,'2020-05-26 19:16:16',24875),(306,'2020-05-26 19:17:17',24812),(307,'2020-05-26 19:18:19',24812),(308,'2020-05-26 19:19:39',24812),(309,'2020-05-26 19:20:41',24750),(310,'2020-05-26 19:20:56',24750),(311,'2020-05-26 19:21:58',24750),(312,'2020-05-26 19:22:59',24750),(313,'2020-05-26 19:24:01',24750),(314,'2020-05-26 19:25:02',24812),(315,'2020-05-26 19:26:03',24812),(316,'2020-05-26 19:27:05',24812),(317,'2020-05-26 19:28:07',24812),(318,'2020-05-26 19:29:08',24812),(319,'2020-05-26 19:30:10',24812),(320,'2020-05-26 19:31:11',24812),(321,'2020-05-26 19:32:13',24812),(322,'2020-05-26 19:33:14',24812),(323,'2020-05-26 19:34:16',24812),(324,'2020-05-26 19:35:17',24812),(325,'2020-05-26 19:36:18',24812),(326,'2020-05-26 19:37:20',24812),(327,'2020-05-26 19:38:21',24812),(328,'2020-05-26 19:39:23',24812),(329,'2020-05-26 19:40:24',24812),(330,'2020-05-26 19:41:26',24812),(331,'2020-05-26 19:42:27',24750),(332,'2020-05-26 19:43:29',24812),(333,'2020-05-26 19:44:30',24750),(334,'2020-05-26 19:45:32',24750),(335,'2020-05-26 19:46:33',24812),(336,'2020-05-26 19:47:34',24812),(337,'2020-05-26 19:48:36',24812),(338,'2020-05-26 19:51:34',24750),(339,'2020-05-26 19:52:20',24750),(340,'2020-05-26 19:53:22',24750),(341,'2020-05-26 19:53:43',24687),(342,'2020-05-26 19:54:35',24750),(343,'2020-05-26 19:55:37',24750),(344,'2020-05-26 19:56:38',24750),(345,'2020-05-26 19:56:47',24750),(346,'2020-05-26 19:57:24',24750),(347,'2020-05-26 19:58:29',24750),(348,'2020-05-26 19:59:30',24750),(349,'2020-05-26 19:59:41',24750),(350,'2020-05-26 20:00:42',24750),(351,'2020-05-26 20:01:44',24750),(352,'2020-05-26 20:02:45',24750),(353,'2020-05-26 20:03:47',24750),(354,'2020-05-26 20:04:48',24750),(355,'2020-05-26 20:05:38',24750),(356,'2020-05-26 20:06:08',24750),(357,'2020-05-26 20:07:09',24750),(358,'2020-05-26 20:08:11',24750),(359,'2020-05-26 20:09:12',24750),(360,'2020-05-26 20:09:40',24750),(361,'2020-05-26 20:10:07',24750),(362,'2020-05-26 20:10:57',24750),(363,'2020-05-26 20:11:39',24750),(364,'2020-05-26 20:12:41',24750),(365,'2020-05-26 20:13:42',24750),(366,'2020-05-26 20:14:44',24750),(367,'2020-05-26 20:16:12',24750),(368,'2020-05-26 20:17:14',24750),(369,'2020-05-26 20:18:15',24750),(370,'2020-05-26 20:18:43',24750),(371,'2020-05-26 20:19:10',24750),(372,'2020-05-26 20:20:12',24750),(373,'2020-05-26 20:21:13',24750),(374,'2020-05-26 20:22:15',24750),(375,'2020-05-26 20:23:16',24750),(376,'2020-05-26 20:24:18',24750),(377,'2020-05-26 20:25:19',24750),(378,'2020-05-26 20:26:21',24750),(379,'2020-05-26 20:27:22',24687),(380,'2020-05-26 20:28:40',24687),(381,'2020-05-26 20:29:33',24625),(382,'2020-05-26 20:30:34',24625),(383,'2020-05-26 20:31:36',24625),(384,'2020-05-26 20:32:37',24625),(385,'2020-05-26 20:33:39',24625),(386,'2020-05-26 20:34:40',24625),(387,'2020-05-26 20:35:42',24625),(388,'2020-05-26 20:36:43',24687);
/*!40000 ALTER TABLE `Temperature` ENABLE KEYS */;
UNLOCK TABLES;

--
-- Table structure for table `VendingMachine`
--

DROP TABLE IF EXISTS `VendingMachine`;
/*!40101 SET @saved_cs_client     = @@character_set_client */;
/*!40101 SET character_set_client = utf8 */;
CREATE TABLE `VendingMachine` (
  `Id` int(11) NOT NULL AUTO_INCREMENT,
  `TotalMoney` decimal(10,0) NOT NULL DEFAULT 0,
  `Name` varchar(100) NOT NULL,
  `LatestTemperature` int(11) NOT NULL,
  `LatestWeight` int(11) NOT NULL,
  `MaxTemperature` float NOT NULL,
  PRIMARY KEY (`Id`),
  KEY `VendingMachine_FK` (`LatestTemperature`),
  KEY `VendingMachine_FK_1` (`LatestWeight`),
  KEY `VendingMachine_Name_IDX` (`Name`) USING BTREE,
  CONSTRAINT `VendingMachine_FK` FOREIGN KEY (`LatestTemperature`) REFERENCES `Temperature` (`Id`),
  CONSTRAINT `VendingMachine_FK_1` FOREIGN KEY (`LatestWeight`) REFERENCES `Weight` (`Id`)
) ENGINE=InnoDB AUTO_INCREMENT=2 DEFAULT CHARSET=utf8mb4;
/*!40101 SET character_set_client = @saved_cs_client */;

--
-- Dumping data for table `VendingMachine`
--

LOCK TABLES `VendingMachine` WRITE;
/*!40000 ALTER TABLE `VendingMachine` DISABLE KEYS */;
INSERT INTO `VendingMachine` VALUES (1,0,'Project Vending Machine',388,16,25);
/*!40000 ALTER TABLE `VendingMachine` ENABLE KEYS */;
UNLOCK TABLES;

--
-- Table structure for table `Weight`
--

DROP TABLE IF EXISTS `Weight`;
/*!40101 SET @saved_cs_client     = @@character_set_client */;
/*!40101 SET character_set_client = utf8 */;
CREATE TABLE `Weight` (
  `Id` int(11) NOT NULL AUTO_INCREMENT,
  `WeightValue` float NOT NULL DEFAULT 0,
  `TimeOfWeight` datetime NOT NULL DEFAULT current_timestamp(),
  PRIMARY KEY (`Id`),
  KEY `Weight_WeightValue_IDX` (`WeightValue`) USING BTREE
) ENGINE=InnoDB AUTO_INCREMENT=17 DEFAULT CHARSET=utf8mb4;
/*!40101 SET character_set_client = @saved_cs_client */;

--
-- Dumping data for table `Weight`
--

LOCK TABLES `Weight` WRITE;
/*!40000 ALTER TABLE `Weight` DISABLE KEYS */;
INSERT INTO `Weight` VALUES (1,2,'2020-05-25 17:22:12'),(2,6,'2020-05-25 17:22:12'),(3,19,'2020-05-25 17:22:12'),(4,1,'2020-05-25 17:22:12'),(5,7,'2020-05-25 17:22:12'),(6,9,'2020-05-25 17:22:12'),(7,6,'2020-05-25 17:22:12'),(8,3,'2020-05-25 17:22:12'),(9,26,'2020-05-25 17:22:12'),(10,50,'2020-05-25 17:22:12'),(11,2,'2020-05-25 17:22:12'),(12,3,'2020-05-25 17:22:12'),(13,7,'2020-05-25 17:22:12'),(14,90,'2020-05-25 17:22:12'),(15,100,'2020-05-25 17:22:12'),(16,120,'2020-05-25 17:22:13');
/*!40000 ALTER TABLE `Weight` ENABLE KEYS */;
UNLOCK TABLES;
/*!40103 SET TIME_ZONE=@OLD_TIME_ZONE */;

/*!40101 SET SQL_MODE=@OLD_SQL_MODE */;
/*!40014 SET FOREIGN_KEY_CHECKS=@OLD_FOREIGN_KEY_CHECKS */;
/*!40014 SET UNIQUE_CHECKS=@OLD_UNIQUE_CHECKS */;
/*!40101 SET CHARACTER_SET_CLIENT=@OLD_CHARACTER_SET_CLIENT */;
/*!40101 SET CHARACTER_SET_RESULTS=@OLD_CHARACTER_SET_RESULTS */;
/*!40101 SET COLLATION_CONNECTION=@OLD_COLLATION_CONNECTION */;
/*!40111 SET SQL_NOTES=@OLD_SQL_NOTES */;

-- Dump completed on 2020-05-28  9:23:30
